comName,liturgicalSeason_final,birdFamily,speciesCode,totalBirds_season,n_checklists,n_years,sumTotal,meanTotal,sdTotal,sdMin,sdMax,higherThanSD,pct_sum,pct_mean,pct_round,highest_pctRound,is_typical
American Crow,Advent,"Corvidae: Jays, Crows & Magpies",amecro,6,2,2,122,17.428571428571427,12.053452380364485,5.375119048206942,29.482023808935914,0,0.04918032786885246,0.14285714285714285,0.05,FALSE,FALSE
American Crow,Christmas,"Corvidae: Jays, Crows & Magpies",amecro,20,1,1,122,17.428571428571427,12.053452380364485,5.375119048206942,29.482023808935914,0,0.16393442622950818,0.14285714285714285,0.15000000000000002,FALSE,FALSE
American Crow,Epiphany,"Corvidae: Jays, Crows & Magpies",amecro,7,1,1,122,17.428571428571427,12.053452380364485,5.375119048206942,29.482023808935914,0,0.05737704918032787,0.14285714285714285,0.05,FALSE,FALSE
American Crow,Lent,"Corvidae: Jays, Crows & Magpies",amecro,30,8,5,122,17.428571428571427,12.053452380364485,5.375119048206942,29.482023808935914,1,0.2459016393442623,0.14285714285714285,0.25,FALSE,TRUE
American Crow,Easter,"Corvidae: Jays, Crows & Magpies",amecro,10,5,5,122,17.428571428571427,12.053452380364485,5.375119048206942,29.482023808935914,0,0.08196721311475409,0.14285714285714285,0.1,FALSE,FALSE
American Crow,Ordinary Time (early),"Corvidae: Jays, Crows & Magpies",amecro,37,15,8,122,17.428571428571427,12.053452380364485,5.375119048206942,29.482023808935914,1,0.30327868852459017,0.14285714285714285,0.30000000000000004,TRUE,TRUE
American Crow,Ordinary Time (late),"Corvidae: Jays, Crows & Magpies",amecro,12,6,6,122,17.428571428571427,12.053452380364485,5.375119048206942,29.482023808935914,0,0.09836065573770492,0.14285714285714285,0.1,FALSE,FALSE
American Goldfinch,Advent,"Fringillidae: Siskins, Crossbills & Allies",amegfi,8,1,1,73,10.428571428571429,16.5615734242165,-6.133001995645072,26.990144852787928,0,0.1095890410958904,0.14285714285714285,0.1,FALSE,FALSE
American Goldfinch,Christmas,"Fringillidae: Siskins, Crossbills & Allies",amegfi,0,0,0,73,10.428571428571429,16.5615734242165,-6.133001995645072,26.990144852787928,0,0,0.14285714285714285,0,FALSE,FALSE
American Goldfinch,Epiphany,"Fringillidae: Siskins, Crossbills & Allies",amegfi,0,0,0,73,10.428571428571429,16.5615734242165,-6.133001995645072,26.990144852787928,0,0,0.14285714285714285,0,FALSE,FALSE
American Goldfinch,Lent,"Fringillidae: Siskins, Crossbills & Allies",amegfi,7,1,1,73,10.428571428571429,16.5615734242165,-6.133001995645072,26.990144852787928,0,0.0958904109589041,0.14285714285714285,0.1,FALSE,FALSE
American Goldfinch,Easter,"Fringillidae: Siskins, Crossbills & Allies",amegfi,9,3,2,73,10.428571428571429,16.5615734242165,-6.133001995645072,26.990144852787928,0,0.1232876712328767,0.14285714285714285,0.1,FALSE,FALSE
American Goldfinch,Ordinary Time (early),"Fringillidae: Siskins, Crossbills & Allies",amegfi,47,13,7,73,10.428571428571429,16.5615734242165,-6.133001995645072,26.990144852787928,1,0.6438356164383562,0.14285714285714285,0.65,TRUE,TRUE
American Goldfinch,Ordinary Time (late),"Fringillidae: Siskins, Crossbills & Allies",amegfi,2,1,1,73,10.428571428571429,16.5615734242165,-6.133001995645072,26.990144852787928,0,0.0273972602739726,0.14285714285714285,0.05,FALSE,FALSE
American Kestrel,Advent,Falconidae: Falcons,amekes,5,4,4,46,6.571428571428571,3.309438162646486,3.261990408782085,9.880866734075058,0,0.10869565217391304,0.14285714285714285,0.1,FALSE,FALSE
American Kestrel,Christmas,Falconidae: Falcons,amekes,9,6,5,46,6.571428571428571,3.309438162646486,3.261990408782085,9.880866734075058,0,0.1956521739130435,0.14285714285714285,0.2,TRUE,TRUE
American Kestrel,Epiphany,Falconidae: Falcons,amekes,8,8,4,46,6.571428571428571,3.309438162646486,3.261990408782085,9.880866734075058,0,0.17391304347826086,0.14285714285714285,0.15000000000000002,FALSE,FALSE
American Kestrel,Lent,Falconidae: Falcons,amekes,9,9,6,46,6.571428571428571,3.309438162646486,3.261990408782085,9.880866734075058,0,0.1956521739130435,0.14285714285714285,0.2,TRUE,TRUE
American Kestrel,Easter,Falconidae: Falcons,amekes,0,0,0,46,6.571428571428571,3.309438162646486,3.261990408782085,9.880866734075058,0,0,0.14285714285714285,0,FALSE,FALSE
American Kestrel,Ordinary Time (early),Falconidae: Falcons,amekes,9,9,7,46,6.571428571428571,3.309438162646486,3.261990408782085,9.880866734075058,0,0.1956521739130435,0.14285714285714285,0.2,TRUE,TRUE
American Kestrel,Ordinary Time (late),Falconidae: Falcons,amekes,6,6,5,46,6.571428571428571,3.309438162646486,3.261990408782085,9.880866734075058,0,0.13043478260869565,0.14285714285714285,0.15000000000000002,FALSE,FALSE
American Robin,Advent,Turdidae: Thrushes,amerob,0,0,0,129,18.428571428571427,18.849024226354906,-0.4204527977834793,37.27759565492633,0,0,0.14285714285714285,0,FALSE,FALSE
American Robin,Christmas,Turdidae: Thrushes,amerob,2,1,1,129,18.428571428571427,18.849024226354906,-0.4204527977834793,37.27759565492633,0,0.015503875968992248,0.14285714285714285,0,FALSE,FALSE
American Robin,Epiphany,Turdidae: Thrushes,amerob,7,2,2,129,18.428571428571427,18.849024226354906,-0.4204527977834793,37.27759565492633,0,0.05426356589147287,0.14285714285714285,0.05,FALSE,FALSE
American Robin,Lent,Turdidae: Thrushes,amerob,52,9,4,129,18.428571428571427,18.849024226354906,-0.4204527977834793,37.27759565492633,1,0.40310077519379844,0.14285714285714285,0.4,TRUE,TRUE
American Robin,Easter,Turdidae: Thrushes,amerob,14,5,4,129,18.428571428571427,18.849024226354906,-0.4204527977834793,37.27759565492633,0,0.10852713178294573,0.14285714285714285,0.1,FALSE,FALSE
American Robin,Ordinary Time (early),Turdidae: Thrushes,amerob,34,9,7,129,18.428571428571427,18.849024226354906,-0.4204527977834793,37.27759565492633,0,0.26356589147286824,0.14285714285714285,0.25,FALSE,FALSE
American Robin,Ordinary Time (late),Turdidae: Thrushes,amerob,20,2,2,129,18.428571428571427,18.849024226354906,-0.4204527977834793,37.27759565492633,0,0.15503875968992248,0.14285714285714285,0.15000000000000002,FALSE,FALSE
Barn Swallow,Advent,Hirundinidae: Martins and Swallows,barswa,0,0,0,109,15.571428571428571,32.78138263739112,-17.20995406596255,48.35281120881969,0,0,0.14285714285714288,0,FALSE,FALSE
Barn Swallow,Christmas,Hirundinidae: Martins and Swallows,barswa,0,0,0,109,15.571428571428571,32.78138263739112,-17.20995406596255,48.35281120881969,0,0,0.14285714285714288,0,FALSE,FALSE
Barn Swallow,Epiphany,Hirundinidae: Martins and Swallows,barswa,0,0,0,109,15.571428571428571,32.78138263739112,-17.20995406596255,48.35281120881969,0,0,0.14285714285714288,0,FALSE,FALSE
Barn Swallow,Lent,Hirundinidae: Martins and Swallows,barswa,0,0,0,109,15.571428571428571,32.78138263739112,-17.20995406596255,48.35281120881969,0,0,0.14285714285714288,0,FALSE,FALSE
Barn Swallow,Easter,Hirundinidae: Martins and Swallows,barswa,20,5,5,109,15.571428571428571,32.78138263739112,-17.20995406596255,48.35281120881969,0,0.1834862385321101,0.14285714285714288,0.2,FALSE,FALSE
Barn Swallow,Ordinary Time (early),Hirundinidae: Martins and Swallows,barswa,88,15,7,109,15.571428571428571,32.78138263739112,-17.20995406596255,48.35281120881969,1,0.8073394495412844,0.14285714285714288,0.8,TRUE,TRUE
Barn Swallow,Ordinary Time (late),Hirundinidae: Martins and Swallows,barswa,1,1,1,109,15.571428571428571,32.78138263739112,-17.20995406596255,48.35281120881969,0,0.009174311926605505,0.14285714285714288,0,FALSE,FALSE
Blue Jay,Advent,"Corvidae: Jays, Crows & Magpies",blujay,5,1,1,51,7.285714285714286,5.936168397046637,1.3495458886676488,13.221882682760922,0,0.09803921568627451,0.14285714285714285,0.1,FALSE,FALSE
Blue Jay,Christmas,"Corvidae: Jays, Crows & Magpies",blujay,0,0,0,51,7.285714285714286,5.936168397046637,1.3495458886676488,13.221882682760922,0,0,0.14285714285714285,0,FALSE,FALSE
Blue Jay,Epiphany,"Corvidae: Jays, Crows & Magpies",blujay,4,3,3,51,7.285714285714286,5.936168397046637,1.3495458886676488,13.221882682760922,0,0.0784313725490196,0.14285714285714285,0.1,FALSE,FALSE
Blue Jay,Lent,"Corvidae: Jays, Crows & Magpies",blujay,5,4,3,51,7.285714285714286,5.936168397046637,1.3495458886676488,13.221882682760922,0,0.09803921568627451,0.14285714285714285,0.1,FALSE,FALSE
Blue Jay,Easter,"Corvidae: Jays, Crows & Magpies",blujay,12,5,5,51,7.285714285714286,5.936168397046637,1.3495458886676488,13.221882682760922,0,0.23529411764705882,0.14285714285714285,0.25,FALSE,FALSE
Blue Jay,Ordinary Time (early),"Corvidae: Jays, Crows & Magpies",blujay,7,6,5,51,7.285714285714286,5.936168397046637,1.3495458886676488,13.221882682760922,0,0.13725490196078433,0.14285714285714285,0.15000000000000002,FALSE,FALSE
Blue Jay,Ordinary Time (late),"Corvidae: Jays, Crows & Magpies",blujay,18,6,5,51,7.285714285714286,5.936168397046637,1.3495458886676488,13.221882682760922,1,0.35294117647058826,0.14285714285714285,0.35000000000000003,TRUE,TRUE
Bobolink,Advent,"Icteridae: Blackbirds, Meadowlarks & Orioles",boboli,0,0,0,100,14.285714285714286,24.830856380145825,-10.545142094431538,39.11657066586011,0,0,0.14285714285714285,0,FALSE,FALSE
Bobolink,Christmas,"Icteridae: Blackbirds, Meadowlarks & Orioles",boboli,0,0,0,100,14.285714285714286,24.830856380145825,-10.545142094431538,39.11657066586011,0,0,0.14285714285714285,0,FALSE,FALSE
Bobolink,Epiphany,"Icteridae: Blackbirds, Meadowlarks & Orioles",boboli,0,0,0,100,14.285714285714286,24.830856380145825,-10.545142094431538,39.11657066586011,0,0,0.14285714285714285,0,FALSE,FALSE
Bobolink,Lent,"Icteridae: Blackbirds, Meadowlarks & Orioles",boboli,0,0,0,100,14.285714285714286,24.830856380145825,-10.545142094431538,39.11657066586011,0,0,0.14285714285714285,0,FALSE,FALSE
Bobolink,Easter,"Icteridae: Blackbirds, Meadowlarks & Orioles",boboli,58,9,5,100,14.285714285714286,24.830856380145825,-10.545142094431538,39.11657066586011,1,0.58,0.14285714285714285,0.6000000000000001,TRUE,TRUE
Bobolink,Ordinary Time (early),"Icteridae: Blackbirds, Meadowlarks & Orioles",boboli,42,6,4,100,14.285714285714286,24.830856380145825,-10.545142094431538,39.11657066586011,1,0.42,0.14285714285714285,0.4,FALSE,TRUE
Bobolink,Ordinary Time (late),"Icteridae: Blackbirds, Meadowlarks & Orioles",boboli,0,0,0,100,14.285714285714286,24.830856380145825,-10.545142094431538,39.11657066586011,0,0,0.14285714285714285,0,FALSE,FALSE
Brown-headed Cowbird,Advent,"Icteridae: Blackbirds, Meadowlarks & Orioles",bnhcow,0,0,0,493,70.42857142857143,155.08262006949406,-84.65404864092262,225.5111914980655,0,0,0.14285714285714288,0,FALSE,FALSE
Brown-headed Cowbird,Christmas,"Icteridae: Blackbirds, Meadowlarks & Orioles",bnhcow,40,1,1,493,70.42857142857143,155.08262006949406,-84.65404864092262,225.5111914980655,0,0.08113590263691683,0.14285714285714288,0.1,FALSE,FALSE
Brown-headed Cowbird,Epiphany,"Icteridae: Blackbirds, Meadowlarks & Orioles",bnhcow,0,0,0,493,70.42857142857143,155.08262006949406,-84.65404864092262,225.5111914980655,0,0,0.14285714285714288,0,FALSE,FALSE
Brown-headed Cowbird,Lent,"Icteridae: Blackbirds, Meadowlarks & Orioles",bnhcow,0,0,0,493,70.42857142857143,155.08262006949406,-84.65404864092262,225.5111914980655,0,0,0.14285714285714288,0,FALSE,FALSE
Brown-headed Cowbird,Easter,"Icteridae: Blackbirds, Meadowlarks & Orioles",bnhcow,1,1,1,493,70.42857142857143,155.08262006949406,-84.65404864092262,225.5111914980655,0,0.002028397565922921,0.14285714285714288,0,FALSE,FALSE
Brown-headed Cowbird,Ordinary Time (early),"Icteridae: Blackbirds, Meadowlarks & Orioles",bnhcow,32,2,2,493,70.42857142857143,155.08262006949406,-84.65404864092262,225.5111914980655,0,0.06490872210953347,0.14285714285714288,0.05,FALSE,FALSE
Brown-headed Cowbird,Ordinary Time (late),"Icteridae: Blackbirds, Meadowlarks & Orioles",bnhcow,420,2,2,493,70.42857142857143,155.08262006949406,-84.65404864092262,225.5111914980655,1,0.8519269776876268,0.14285714285714288,0.8500000000000001,TRUE,TRUE
Canada Goose,Advent,"Anatidae: Swans, Geese & Ducks",cangoo,90,3,2,757,108.14285714285714,158.19863944993182,-50.05578230707468,266.341496592789,0,0.11889035667107001,0.14285714285714285,0.1,FALSE,FALSE
Canada Goose,Christmas,"Anatidae: Swans, Geese & Ducks",cangoo,0,0,0,757,108.14285714285714,158.19863944993182,-50.05578230707468,266.341496592789,0,0,0.14285714285714285,0,FALSE,FALSE
Canada Goose,Epiphany,"Anatidae: Swans, Geese & Ducks",cangoo,50,2,2,757,108.14285714285714,158.19863944993182,-50.05578230707468,266.341496592789,0,0.06605019815059446,0.14285714285714285,0.05,FALSE,FALSE
Canada Goose,Lent,"Anatidae: Swans, Geese & Ducks",cangoo,64,9,5,757,108.14285714285714,158.19863944993182,-50.05578230707468,266.341496592789,0,0.0845442536327609,0.14285714285714285,0.1,FALSE,FALSE
Canada Goose,Easter,"Anatidae: Swans, Geese & Ducks",cangoo,4,2,1,757,108.14285714285714,158.19863944993182,-50.05578230707468,266.341496592789,0,0.005284015852047556,0.14285714285714285,0,FALSE,FALSE
Canada Goose,Ordinary Time (early),"Anatidae: Swans, Geese & Ducks",cangoo,92,7,4,757,108.14285714285714,158.19863944993182,-50.05578230707468,266.341496592789,0,0.1215323645970938,0.14285714285714285,0.1,FALSE,FALSE
Canada Goose,Ordinary Time (late),"Anatidae: Swans, Geese & Ducks",cangoo,457,12,7,757,108.14285714285714,158.19863944993182,-50.05578230707468,266.341496592789,1,0.6036988110964333,0.14285714285714285,0.6000000000000001,TRUE,TRUE
Chipping Sparrow,Advent,Passerellidae: New World Sparrows and Towhees,chispa,0,0,0,27,3.857142857142857,5.490251100164467,-1.6331082430216095,9.347393957307323,0,0,0.14285714285714285,0,FALSE,FALSE
Chipping Sparrow,Christmas,Passerellidae: New World Sparrows and Towhees,chispa,0,0,0,27,3.857142857142857,5.490251100164467,-1.6331082430216095,9.347393957307323,0,0,0.14285714285714285,0,FALSE,FALSE
Chipping Sparrow,Epiphany,Passerellidae: New World Sparrows and Towhees,chispa,0,0,0,27,3.857142857142857,5.490251100164467,-1.6331082430216095,9.347393957307323,0,0,0.14285714285714285,0,FALSE,FALSE
Chipping Sparrow,Lent,Passerellidae: New World Sparrows and Towhees,chispa,0,0,0,27,3.857142857142857,5.490251100164467,-1.6331082430216095,9.347393957307323,0,0,0.14285714285714285,0,FALSE,FALSE
Chipping Sparrow,Easter,Passerellidae: New World Sparrows and Towhees,chispa,4,3,3,27,3.857142857142857,5.490251100164467,-1.6331082430216095,9.347393957307323,0,0.14814814814814814,0.14285714285714285,0.15000000000000002,FALSE,FALSE
Chipping Sparrow,Ordinary Time (early),Passerellidae: New World Sparrows and Towhees,chispa,13,6,5,27,3.857142857142857,5.490251100164467,-1.6331082430216095,9.347393957307323,1,0.48148148148148145,0.14285714285714285,0.5,TRUE,TRUE
Chipping Sparrow,Ordinary Time (late),Passerellidae: New World Sparrows and Towhees,chispa,10,2,2,27,3.857142857142857,5.490251100164467,-1.6331082430216095,9.347393957307323,1,0.37037037037037035,0.14285714285714285,0.35000000000000003,FALSE,TRUE
Common Grackle,Advent,"Icteridae: Blackbirds, Meadowlarks & Orioles",comgra,0,0,0,3464,494.85714285714283,1128.9957821845376,-634.1386393273947,1623.8529250416805,0,0,0.14285714285714288,0,FALSE,FALSE
Common Grackle,Christmas,"Icteridae: Blackbirds, Meadowlarks & Orioles",comgra,0,0,0,3464,494.85714285714283,1128.9957821845376,-634.1386393273947,1623.8529250416805,0,0,0.14285714285714288,0,FALSE,FALSE
Common Grackle,Epiphany,"Icteridae: Blackbirds, Meadowlarks & Orioles",comgra,0,0,0,3464,494.85714285714283,1128.9957821845376,-634.1386393273947,1623.8529250416805,0,0,0.14285714285714288,0,FALSE,FALSE
Common Grackle,Lent,"Icteridae: Blackbirds, Meadowlarks & Orioles",comgra,3044,6,3,3464,494.85714285714283,1128.9957821845376,-634.1386393273947,1623.8529250416805,1,0.8787528868360277,0.14285714285714288,0.9,TRUE,TRUE
Common Grackle,Easter,"Icteridae: Blackbirds, Meadowlarks & Orioles",comgra,87,9,5,3464,494.85714285714283,1128.9957821845376,-634.1386393273947,1623.8529250416805,0,0.025115473441108545,0.14285714285714288,0.05,FALSE,FALSE
Common Grackle,Ordinary Time (early),"Icteridae: Blackbirds, Meadowlarks & Orioles",comgra,38,9,5,3464,494.85714285714283,1128.9957821845376,-634.1386393273947,1623.8529250416805,0,0.010969976905311778,0.14285714285714288,0,FALSE,FALSE
Common Grackle,Ordinary Time (late),"Icteridae: Blackbirds, Meadowlarks & Orioles",comgra,295,1,1,3464,494.85714285714283,1128.9957821845376,-634.1386393273947,1623.8529250416805,0,0.08516166281755197,0.14285714285714288,0.1,FALSE,FALSE
Dark-eyed Junco,Advent,Passerellidae: New World Sparrows and Towhees,daejun,0,0,0,20,2.857142857142857,4.913538149119954,-2.0563952919770965,7.77068100626281,0,0,0.14285714285714288,0,FALSE,FALSE
Dark-eyed Junco,Christmas,Passerellidae: New World Sparrows and Towhees,daejun,0,0,0,20,2.857142857142857,4.913538149119954,-2.0563952919770965,7.77068100626281,0,0,0.14285714285714288,0,FALSE,FALSE
Dark-eyed Junco,Epiphany,Passerellidae: New World Sparrows and Towhees,daejun,11,1,1,20,2.857142857142857,4.913538149119954,-2.0563952919770965,7.77068100626281,1,0.55,0.14285714285714288,0.55,TRUE,TRUE
Dark-eyed Junco,Lent,Passerellidae: New World Sparrows and Towhees,daejun,9,2,1,20,2.857142857142857,4.913538149119954,-2.0563952919770965,7.77068100626281,1,0.45,0.14285714285714288,0.45,FALSE,TRUE
Dark-eyed Junco,Easter,Passerellidae: New World Sparrows and Towhees,daejun,0,0,0,20,2.857142857142857,4.913538149119954,-2.0563952919770965,7.77068100626281,0,0,0.14285714285714288,0,FALSE,FALSE
Dark-eyed Junco,Ordinary Time (early),Passerellidae: New World Sparrows and Towhees,daejun,0,0,0,20,2.857142857142857,4.913538149119954,-2.0563952919770965,7.77068100626281,0,0,0.14285714285714288,0,FALSE,FALSE
Dark-eyed Junco,Ordinary Time (late),Passerellidae: New World Sparrows and Towhees,daejun,0,0,0,20,2.857142857142857,4.913538149119954,-2.0563952919770965,7.77068100626281,0,0,0.14285714285714288,0,FALSE,FALSE
Eastern Bluebird,Advent,Turdidae: Thrushes,easblu,6,2,2,85,12.142857142857142,9.352870707766172,2.78998643509097,21.495727850623314,0,0.07058823529411765,0.14285714285714285,0.05,FALSE,FALSE
Eastern Bluebird,Christmas,Turdidae: Thrushes,easblu,0,0,0,85,12.142857142857142,9.352870707766172,2.78998643509097,21.495727850623314,0,0,0.14285714285714285,0,FALSE,FALSE
Eastern Bluebird,Epiphany,Turdidae: Thrushes,easblu,12,4,3,85,12.142857142857142,9.352870707766172,2.78998643509097,21.495727850623314,0,0.1411764705882353,0.14285714285714285,0.15000000000000002,FALSE,FALSE
Eastern Bluebird,Lent,Turdidae: Thrushes,easblu,7,4,3,85,12.142857142857142,9.352870707766172,2.78998643509097,21.495727850623314,0,0.08235294117647059,0.14285714285714285,0.1,FALSE,FALSE
Eastern Bluebird,Easter,Turdidae: Thrushes,easblu,12,6,4,85,12.142857142857142,9.352870707766172,2.78998643509097,21.495727850623314,0,0.1411764705882353,0.14285714285714285,0.15000000000000002,FALSE,FALSE
Eastern Bluebird,Ordinary Time (early),Turdidae: Thrushes,easblu,28,13,7,85,12.142857142857142,9.352870707766172,2.78998643509097,21.495727850623314,1,0.32941176470588235,0.14285714285714285,0.35000000000000003,TRUE,TRUE
Eastern Bluebird,Ordinary Time (late),Turdidae: Thrushes,easblu,20,5,4,85,12.142857142857142,9.352870707766172,2.78998643509097,21.495727850623314,0,0.23529411764705882,0.14285714285714285,0.25,FALSE,FALSE
Eastern Kingbird,Advent,Tyrannidae: Tyrant Flycatchers,easkin,0,0,0,21,3,5.196152422706632,-2.196152422706632,8.196152422706632,0,0,0.14285714285714285,0,FALSE,FALSE
Eastern Kingbird,Christmas,Tyrannidae: Tyrant Flycatchers,easkin,0,0,0,21,3,5.196152422706632,-2.196152422706632,8.196152422706632,0,0,0.14285714285714285,0,FALSE,FALSE
Eastern Kingbird,Epiphany,Tyrannidae: Tyrant Flycatchers,easkin,0,0,0,21,3,5.196152422706632,-2.196152422706632,8.196152422706632,0,0,0.14285714285714285,0,FALSE,FALSE
Eastern Kingbird,Lent,Tyrannidae: Tyrant Flycatchers,easkin,0,0,0,21,3,5.196152422706632,-2.196152422706632,8.196152422706632,0,0,0.14285714285714285,0,FALSE,FALSE
Eastern Kingbird,Easter,Tyrannidae: Tyrant Flycatchers,easkin,5,5,3,21,3,5.196152422706632,-2.196152422706632,8.196152422706632,0,0.23809523809523808,0.14285714285714285,0.25,FALSE,FALSE
Eastern Kingbird,Ordinary Time (early),Tyrannidae: Tyrant Flycatchers,easkin,14,9,6,21,3,5.196152422706632,-2.196152422706632,8.196152422706632,1,0.6666666666666666,0.14285714285714285,0.65,TRUE,TRUE
Eastern Kingbird,Ordinary Time (late),Tyrannidae: Tyrant Flycatchers,easkin,2,2,2,21,3,5.196152422706632,-2.196152422706632,8.196152422706632,0,0.09523809523809523,0.14285714285714285,0.1,FALSE,FALSE
Eastern Meadowlark,Advent,"Icteridae: Blackbirds, Meadowlarks & Orioles",easmea,0,0,0,65,9.285714285714286,13.288018233409698,-4.002303947695411,22.573732519123986,0,0,0.14285714285714285,0,FALSE,FALSE
Eastern Meadowlark,Christmas,"Icteridae: Blackbirds, Meadowlarks & Orioles",easmea,0,0,0,65,9.285714285714286,13.288018233409698,-4.002303947695411,22.573732519123986,0,0,0.14285714285714285,0,FALSE,FALSE
Eastern Meadowlark,Epiphany,"Icteridae: Blackbirds, Meadowlarks & Orioles",easmea,0,0,0,65,9.285714285714286,13.288018233409698,-4.002303947695411,22.573732519123986,0,0,0.14285714285714285,0,FALSE,FALSE
Eastern Meadowlark,Lent,"Icteridae: Blackbirds, Meadowlarks & Orioles",easmea,6,5,2,65,9.285714285714286,13.288018233409698,-4.002303947695411,22.573732519123986,0,0.09230769230769231,0.14285714285714285,0.1,FALSE,FALSE
Eastern Meadowlark,Easter,"Icteridae: Blackbirds, Meadowlarks & Orioles",easmea,23,7,6,65,9.285714285714286,13.288018233409698,-4.002303947695411,22.573732519123986,1,0.35384615384615387,0.14285714285714285,0.35000000000000003,FALSE,TRUE
Eastern Meadowlark,Ordinary Time (early),"Icteridae: Blackbirds, Meadowlarks & Orioles",easmea,33,18,7,65,9.285714285714286,13.288018233409698,-4.002303947695411,22.573732519123986,1,0.5076923076923077,0.14285714285714285,0.5,TRUE,TRUE
Eastern Meadowlark,Ordinary Time (late),"Icteridae: Blackbirds, Meadowlarks & Orioles",easmea,3,2,2,65,9.285714285714286,13.288018233409698,-4.002303947695411,22.573732519123986,0,0.046153846153846156,0.14285714285714285,0.05,FALSE,FALSE
Eastern Phoebe,Advent,Tyrannidae: Tyrant Flycatchers,easpho,0,0,0,13,1.8571428571428572,1.5735915849388862,0.283551272203971,3.4307344420817434,0,0,0.14285714285714288,0,FALSE,FALSE
Eastern Phoebe,Christmas,Tyrannidae: Tyrant Flycatchers,easpho,0,0,0,13,1.8571428571428572,1.5735915849388862,0.283551272203971,3.4307344420817434,0,0,0.14285714285714288,0,FALSE,FALSE
Eastern Phoebe,Epiphany,Tyrannidae: Tyrant Flycatchers,easpho,1,1,1,13,1.8571428571428572,1.5735915849388862,0.283551272203971,3.4307344420817434,0,0.07692307692307693,0.14285714285714288,0.1,FALSE,FALSE
Eastern Phoebe,Lent,Tyrannidae: Tyrant Flycatchers,easpho,4,4,3,13,1.8571428571428572,1.5735915849388862,0.283551272203971,3.4307344420817434,1,0.3076923076923077,0.14285714285714288,0.30000000000000004,TRUE,TRUE
Eastern Phoebe,Easter,Tyrannidae: Tyrant Flycatchers,easpho,3,3,3,13,1.8571428571428572,1.5735915849388862,0.283551272203971,3.4307344420817434,0,0.23076923076923078,0.14285714285714288,0.25,FALSE,FALSE
Eastern Phoebe,Ordinary Time (early),Tyrannidae: Tyrant Flycatchers,easpho,3,2,2,13,1.8571428571428572,1.5735915849388862,0.283551272203971,3.4307344420817434,0,0.23076923076923078,0.14285714285714288,0.25,FALSE,FALSE
Eastern Phoebe,Ordinary Time (late),Tyrannidae: Tyrant Flycatchers,easpho,2,2,2,13,1.8571428571428572,1.5735915849388862,0.283551272203971,3.4307344420817434,0,0.15384615384615385,0.14285714285714288,0.15000000000000002,FALSE,FALSE
European Starling,Advent,Sturnidae: Starlings,eursta,425,2,2,15741,2248.714285714286,4848.978611153958,-2600.264325439672,7097.692896868244,0,0.026999555301442095,0.14285714285714285,0.05,FALSE,FALSE
European Starling,Christmas,Sturnidae: Starlings,eursta,124,3,3,15741,2248.714285714286,4848.978611153958,-2600.264325439672,7097.692896868244,0,0.007877517311479575,0.14285714285714285,0,FALSE,FALSE
European Starling,Epiphany,Sturnidae: Starlings,eursta,244,5,3,15741,2248.714285714286,4848.978611153958,-2600.264325439672,7097.692896868244,0,0.01550092116129852,0.14285714285714285,0,FALSE,FALSE
European Starling,Lent,Sturnidae: Starlings,eursta,1241,7,3,15741,2248.714285714286,4848.978611153958,-2600.264325439672,7097.692896868244,0,0.07883870148021091,0.14285714285714285,0.1,FALSE,FALSE
European Starling,Easter,Sturnidae: Starlings,eursta,55,10,8,15741,2248.714285714286,4848.978611153958,-2600.264325439672,7097.692896868244,0,0.0034940600978336828,0.14285714285714285,0,FALSE,FALSE
European Starling,Ordinary Time (early),Sturnidae: Starlings,eursta,443,15,6,15741,2248.714285714286,4848.978611153958,-2600.264325439672,7097.692896868244,0,0.028143065878914936,0.14285714285714285,0.05,FALSE,FALSE
European Starling,Ordinary Time (late),Sturnidae: Starlings,eursta,13209,9,7,15741,2248.714285714286,4848.978611153958,-2600.264325439672,7097.692896868244,1,0.83914617876882025,0.14285714285714285,0.8500000000000001,TRUE,TRUE
Fish Crow,Advent,"Corvidae: Jays, Crows & Magpies",fiscro,0,0,0,43,6.142857142857143,10.318730080595696,-4.175872937738553,16.461587223452838,0,0,0.14285714285714285,0,FALSE,FALSE
Fish Crow,Christmas,"Corvidae: Jays, Crows & Magpies",fiscro,0,0,0,43,6.142857142857143,10.318730080595696,-4.175872937738553,16.461587223452838,0,0,0.14285714285714285,0,FALSE,FALSE
Fish Crow,Epiphany,"Corvidae: Jays, Crows & Magpies",fiscro,0,0,0,43,6.142857142857143,10.318730080595696,-4.175872937738553,16.461587223452838,0,0,0.14285714285714285,0,FALSE,FALSE
Fish Crow,Lent,"Corvidae: Jays, Crows & Magpies",fiscro,27,2,1,43,6.142857142857143,10.318730080595696,-4.175872937738553,16.461587223452838,1,0.627906976744186,0.14285714285714285,0.65,TRUE,TRUE
Fish Crow,Easter,"Corvidae: Jays, Crows & Magpies",fiscro,2,2,2,43,6.142857142857143,10.318730080595696,-4.175872937738553,16.461587223452838,0,0.046511627906976744,0.14285714285714285,0.05,FALSE,FALSE
Fish Crow,Ordinary Time (early),"Corvidae: Jays, Crows & Magpies",fiscro,13,9,5,43,6.142857142857143,10.318730080595696,-4.175872937738553,16.461587223452838,0,0.3023255813953488,0.14285714285714285,0.30000000000000004,FALSE,FALSE
Fish Crow,Ordinary Time (late),"Corvidae: Jays, Crows & Magpies",fiscro,1,1,1,43,6.142857142857143,10.318730080595696,-4.175872937738553,16.461587223452838,0,0.023255813953488372,0.14285714285714285,0,FALSE,FALSE
Gadwall,Advent,"Anatidae: Swans, Geese & Ducks",gadwal,0,0,0,39,5.571428571428571,4.577377082170635,0.9940514892579362,10.148805653599206,0,0,0.14285714285714285,0,FALSE,FALSE
Gadwall,Christmas,"Anatidae: Swans, Geese & Ducks",gadwal,7,1,1,39,5.571428571428571,4.577377082170635,0.9940514892579362,10.148805653599206,0,0.1794871794871795,0.14285714285714285,0.2,FALSE,FALSE
Gadwall,Epiphany,"Anatidae: Swans, Geese & Ducks",gadwal,5,1,1,39,5.571428571428571,4.577377082170635,0.9940514892579362,10.148805653599206,0,0.1282051282051282,0.14285714285714285,0.15000000000000002,FALSE,FALSE
Gadwall,Lent,"Anatidae: Swans, Geese & Ducks",gadwal,13,2,2,39,5.571428571428571,4.577377082170635,0.9940514892579362,10.148805653599206,1,0.3333333333333333,0.14285714285714285,0.35000000000000003,TRUE,TRUE
Gadwall,Easter,"Anatidae: Swans, Geese & Ducks",gadwal,8,2,1,39,5.571428571428571,4.577377082170635,0.9940514892579362,10.148805653599206,0,0.20512820512820512,0.14285714285714285,0.2,FALSE,FALSE
Gadwall,Ordinary Time (early),"Anatidae: Swans, Geese & Ducks",gadwal,0,0,0,39,5.571428571428571,4.577377082170635,0.9940514892579362,10.148805653599206,0,0,0.14285714285714285,0,FALSE,FALSE
Gadwall,Ordinary Time (late),"Anatidae: Swans, Geese & Ducks",gadwal,6,1,1,39,5.571428571428571,4.577377082170635,0.9940514892579362,10.148805653599206,0,0.15384615384615385,0.14285714285714285,0.15000000000000002,FALSE,FALSE
Grasshopper Sparrow,Advent,Passerellidae: New World Sparrows and Towhees,graspa,0,0,0,46,6.571428571428571,12.13613259179852,-5.564704020369948,18.70756116322709,0,0,0.14285714285714285,0,FALSE,FALSE
Grasshopper Sparrow,Christmas,Passerellidae: New World Sparrows and Towhees,graspa,0,0,0,46,6.571428571428571,12.13613259179852,-5.564704020369948,18.70756116322709,0,0,0.14285714285714285,0,FALSE,FALSE
Grasshopper Sparrow,Epiphany,Passerellidae: New World Sparrows and Towhees,graspa,0,0,0,46,6.571428571428571,12.13613259179852,-5.564704020369948,18.70756116322709,0,0,0.14285714285714285,0,FALSE,FALSE
Grasshopper Sparrow,Lent,Passerellidae: New World Sparrows and Towhees,graspa,0,0,0,46,6.571428571428571,12.13613259179852,-5.564704020369948,18.70756116322709,0,0,0.14285714285714285,0,FALSE,FALSE
Grasshopper Sparrow,Easter,Passerellidae: New World Sparrows and Towhees,graspa,15,6,3,46,6.571428571428571,12.13613259179852,-5.564704020369948,18.70756116322709,0,0.32608695652173914,0.14285714285714285,0.35000000000000003,FALSE,FALSE
Grasshopper Sparrow,Ordinary Time (early),Passerellidae: New World Sparrows and Towhees,graspa,31,13,6,46,6.571428571428571,12.13613259179852,-5.564704020369948,18.70756116322709,1,0.6739130434782609,0.14285714285714285,0.65,TRUE,TRUE
Grasshopper Sparrow,Ordinary Time (late),Passerellidae: New World Sparrows and Towhees,graspa,0,0,0,46,6.571428571428571,12.13613259179852,-5.564704020369948,18.70756116322709,0,0,0.14285714285714285,0,FALSE,FALSE
Gray Catbird,Advent,"Mimidae: Catbirds, Mockingbirds & Thrashers",grycat,0,0,0,40,5.714285714285714,9.03169023889928,-3.3174045246135657,14.745975953184995,0,0,0.14285714285714285,0,FALSE,FALSE
Gray Catbird,Christmas,"Mimidae: Catbirds, Mockingbirds & Thrashers",grycat,0,0,0,40,5.714285714285714,9.03169023889928,-3.3174045246135657,14.745975953184995,0,0,0.14285714285714285,0,FALSE,FALSE
Gray Catbird,Epiphany,"Mimidae: Catbirds, Mockingbirds & Thrashers",grycat,0,0,0,40,5.714285714285714,9.03169023889928,-3.3174045246135657,14.745975953184995,0,0,0.14285714285714285,0,FALSE,FALSE
Gray Catbird,Lent,"Mimidae: Catbirds, Mockingbirds & Thrashers",grycat,0,0,0,40,5.714285714285714,9.03169023889928,-3.3174045246135657,14.745975953184995,0,0,0.14285714285714285,0,FALSE,FALSE
Gray Catbird,Easter,"Mimidae: Catbirds, Mockingbirds & Thrashers",grycat,22,3,2,40,5.714285714285714,9.03169023889928,-3.3174045246135657,14.745975953184995,1,0.55,0.14285714285714285,0.55,TRUE,TRUE
Gray Catbird,Ordinary Time (early),"Mimidae: Catbirds, Mockingbirds & Thrashers",grycat,15,10,6,40,5.714285714285714,9.03169023889928,-3.3174045246135657,14.745975953184995,1,0.375,0.14285714285714285,0.4,FALSE,TRUE
Gray Catbird,Ordinary Time (late),"Mimidae: Catbirds, Mockingbirds & Thrashers",grycat,3,2,2,40,5.714285714285714,9.03169023889928,-3.3174045246135657,14.745975953184995,0,0.075,0.14285714285714285,0.05,FALSE,FALSE
Great Blue Heron,Advent,"Ardeidae: Bitterns, Herons & Egrets",grbher3,1,1,1,43,6.142857142857143,6.094494002200441,0.04836314065670244,12.237351145057584,0,0.023255813953488372,0.14285714285714288,0,FALSE,FALSE
Great Blue Heron,Christmas,"Ardeidae: Bitterns, Herons & Egrets",grbher3,2,2,2,43,6.142857142857143,6.094494002200441,0.04836314065670244,12.237351145057584,0,0.046511627906976744,0.14285714285714288,0.05,FALSE,FALSE
Great Blue Heron,Epiphany,"Ardeidae: Bitterns, Herons & Egrets",grbher3,2,2,1,43,6.142857142857143,6.094494002200441,0.04836314065670244,12.237351145057584,0,0.046511627906976744,0.14285714285714288,0.05,FALSE,FALSE
Great Blue Heron,Lent,"Ardeidae: Bitterns, Herons & Egrets",grbher3,7,4,3,43,6.142857142857143,6.094494002200441,0.04836314065670244,12.237351145057584,0,0.16279069767441862,0.14285714285714288,0.15000000000000002,FALSE,FALSE
Great Blue Heron,Easter,"Ardeidae: Bitterns, Herons & Egrets",grbher3,2,2,2,43,6.142857142857143,6.094494002200441,0.04836314065670244,12.237351145057584,0,0.046511627906976744,0.14285714285714288,0.05,FALSE,FALSE
Great Blue Heron,Ordinary Time (early),"Ardeidae: Bitterns, Herons & Egrets",grbher3,13,9,4,43,6.142857142857143,6.094494002200441,0.04836314065670244,12.237351145057584,1,0.3023255813953488,0.14285714285714288,0.30000000000000004,FALSE,TRUE
Great Blue Heron,Ordinary Time (late),"Ardeidae: Bitterns, Herons & Egrets",grbher3,16,14,7,43,6.142857142857143,6.094494002200441,0.04836314065670244,12.237351145057584,1,0.37209302325581395,0.14285714285714288,0.35000000000000003,TRUE,TRUE
Great Egret,Advent,"Ardeidae: Bitterns, Herons & Egrets",greegr,0,0,0,45,6.428571428571429,15.317279380459428,-8.888707951888,21.745850809030856,0,0,0.14285714285714285,0,FALSE,FALSE
Great Egret,Christmas,"Ardeidae: Bitterns, Herons & Egrets",greegr,0,0,0,45,6.428571428571429,15.317279380459428,-8.888707951888,21.745850809030856,0,0,0.14285714285714285,0,FALSE,FALSE
Great Egret,Epiphany,"Ardeidae: Bitterns, Herons & Egrets",greegr,0,0,0,45,6.428571428571429,15.317279380459428,-8.888707951888,21.745850809030856,0,0,0.14285714285714285,0,FALSE,FALSE
Great Egret,Lent,"Ardeidae: Bitterns, Herons & Egrets",greegr,0,0,0,45,6.428571428571429,15.317279380459428,-8.888707951888,21.745850809030856,0,0,0.14285714285714285,0,FALSE,FALSE
Great Egret,Easter,"Ardeidae: Bitterns, Herons & Egrets",greegr,0,0,0,45,6.428571428571429,15.317279380459428,-8.888707951888,21.745850809030856,0,0,0.14285714285714285,0,FALSE,FALSE
Great Egret,Ordinary Time (early),"Ardeidae: Bitterns, Herons & Egrets",greegr,41,12,6,45,6.428571428571429,15.317279380459428,-8.888707951888,21.745850809030856,1,0.9111111111111111,0.14285714285714285,0.9,TRUE,TRUE
Great Egret,Ordinary Time (late),"Ardeidae: Bitterns, Herons & Egrets",greegr,4,3,2,45,6.428571428571429,15.317279380459428,-8.888707951888,21.745850809030856,0,0.08888888888888889,0.14285714285714285,0.1,FALSE,FALSE
Green-winged Teal,Advent,"Anatidae: Swans, Geese & Ducks",gnwtea,0,0,0,52,7.428571428571429,16.399767710317757,-8.971196281746328,23.828339138889184,0,0,0.14285714285714285,0,FALSE,FALSE
Green-winged Teal,Christmas,"Anatidae: Swans, Geese & Ducks",gnwtea,0,0,0,52,7.428571428571429,16.399767710317757,-8.971196281746328,23.828339138889184,0,0,0.14285714285714285,0,FALSE,FALSE
Green-winged Teal,Epiphany,"Anatidae: Swans, Geese & Ducks",gnwtea,8,1,1,52,7.428571428571429,16.399767710317757,-8.971196281746328,23.828339138889184,0,0.15384615384615385,0.14285714285714285,0.15000000000000002,FALSE,FALSE
Green-winged Teal,Lent,"Anatidae: Swans, Geese & Ducks",gnwtea,0,0,0,52,7.428571428571429,16.399767710317757,-8.971196281746328,23.828339138889184,0,0,0.14285714285714285,0,FALSE,FALSE
Green-winged Teal,Easter,"Anatidae: Swans, Geese & Ducks",gnwtea,0,0,0,52,7.428571428571429,16.399767710317757,-8.971196281746328,23.828339138889184,0,0,0.14285714285714285,0,FALSE,FALSE
Green-winged Teal,Ordinary Time (early),"Anatidae: Swans, Geese & Ducks",gnwtea,0,0,0,52,7.428571428571429,16.399767710317757,-8.971196281746328,23.828339138889184,0,0,0.14285714285714285,0,FALSE,FALSE
Green-winged Teal,Ordinary Time (late),"Anatidae: Swans, Geese & Ducks",gnwtea,44,7,4,52,7.428571428571429,16.399767710317757,-8.971196281746328,23.828339138889184,1,0.8461538461538461,0.14285714285714285,0.8500000000000001,TRUE,TRUE
Horned Lark,Advent,Alaudidae: Larks,horlar,0,0,0,519,74.14285714285714,94.52764775702498,-20.38479061416784,168.67050489988213,0,0,0.14285714285714288,0,FALSE,FALSE
Horned Lark,Christmas,Alaudidae: Larks,horlar,150,1,1,519,74.14285714285714,94.52764775702498,-20.38479061416784,168.67050489988213,0,0.28901734104046245,0.14285714285714288,0.30000000000000004,FALSE,FALSE
Horned Lark,Epiphany,Alaudidae: Larks,horlar,150,1,1,519,74.14285714285714,94.52764775702498,-20.38479061416784,168.67050489988213,0,0.28901734104046245,0.14285714285714288,0.30000000000000004,FALSE,FALSE
Horned Lark,Lent,Alaudidae: Larks,horlar,217,2,1,519,74.14285714285714,94.52764775702498,-20.38479061416784,168.67050489988213,1,0.41811175337186895,0.14285714285714288,0.4,TRUE,TRUE
Horned Lark,Easter,Alaudidae: Larks,horlar,2,2,2,519,74.14285714285714,94.52764775702498,-20.38479061416784,168.67050489988213,0,0.0038535645472061657,0.14285714285714288,0,FALSE,FALSE
Horned Lark,Ordinary Time (early),Alaudidae: Larks,horlar,0,0,0,519,74.14285714285714,94.52764775702498,-20.38479061416784,168.67050489988213,0,0,0.14285714285714288,0,FALSE,FALSE
Horned Lark,Ordinary Time (late),Alaudidae: Larks,horlar,0,0,0,519,74.14285714285714,94.52764775702498,-20.38479061416784,168.67050489988213,0,0,0.14285714285714288,0,FALSE,FALSE
House Finch,Advent,"Fringillidae: Siskins, Crossbills & Allies",houfin,18,1,1,55,7.857142857142857,8.764104278791063,-0.906961421648206,16.62124713593392,1,0.32727272727272727,0.14285714285714285,0.35000000000000003,TRUE,TRUE
House Finch,Christmas,"Fringillidae: Siskins, Crossbills & Allies",houfin,0,0,0,55,7.857142857142857,8.764104278791063,-0.906961421648206,16.62124713593392,0,0,0.14285714285714285,0,FALSE,FALSE
House Finch,Epiphany,"Fringillidae: Siskins, Crossbills & Allies",houfin,12,1,1,55,7.857142857142857,8.764104278791063,-0.906961421648206,16.62124713593392,0,0.21818181818181817,0.14285714285714285,0.2,FALSE,FALSE
House Finch,Lent,"Fringillidae: Siskins, Crossbills & Allies",houfin,0,0,0,55,7.857142857142857,8.764104278791063,-0.906961421648206,16.62124713593392,0,0,0.14285714285714285,0,FALSE,FALSE
House Finch,Easter,"Fringillidae: Siskins, Crossbills & Allies",houfin,0,0,0,55,7.857142857142857,8.764104278791063,-0.906961421648206,16.62124713593392,0,0,0.14285714285714285,0,FALSE,FALSE
House Finch,Ordinary Time (early),"Fringillidae: Siskins, Crossbills & Allies",houfin,20,8,6,55,7.857142857142857,8.764104278791063,-0.906961421648206,16.62124713593392,1,0.36363636363636365,0.14285714285714285,0.35000000000000003,TRUE,TRUE
House Finch,Ordinary Time (late),"Fringillidae: Siskins, Crossbills & Allies",houfin,5,2,2,55,7.857142857142857,8.764104278791063,-0.906961421648206,16.62124713593392,0,0.09090909090909091,0.14285714285714285,0.1,FALSE,FALSE
House Sparrow,Advent,Passeridae: Old World Sparrows,houspa,0,0,0,95,13.571428571428571,23.100195835080008,-9.528767263651437,36.67162440650858,0,0,0.14285714285714285,0,FALSE,FALSE
House Sparrow,Christmas,Passeridae: Old World Sparrows,houspa,0,0,0,95,13.571428571428571,23.100195835080008,-9.528767263651437,36.67162440650858,0,0,0.14285714285714285,0,FALSE,FALSE
House Sparrow,Epiphany,Passeridae: Old World Sparrows,houspa,3,2,2,95,13.571428571428571,23.100195835080008,-9.528767263651437,36.67162440650858,0,0.031578947368421054,0.14285714285714285,0.05,FALSE,FALSE
House Sparrow,Lent,Passeridae: Old World Sparrows,houspa,6,2,2,95,13.571428571428571,23.100195835080008,-9.528767263651437,36.67162440650858,0,0.06315789473684211,0.14285714285714285,0.05,FALSE,FALSE
House Sparrow,Easter,Passeridae: Old World Sparrows,houspa,11,3,2,95,13.571428571428571,23.100195835080008,-9.528767263651437,36.67162440650858,0,0.11578947368421053,0.14285714285714285,0.1,FALSE,FALSE
House Sparrow,Ordinary Time (early),Passeridae: Old World Sparrows,houspa,65,16,7,95,13.571428571428571,23.100195835080008,-9.528767263651437,36.67162440650858,1,0.6842105263157895,0.14285714285714285,0.7000000000000001,TRUE,TRUE
House Sparrow,Ordinary Time (late),Passeridae: Old World Sparrows,houspa,10,3,2,95,13.571428571428571,23.100195835080008,-9.528767263651437,36.67162440650858,0,0.10526315789473684,0.14285714285714285,0.1,FALSE,FALSE
House Wren,Advent,Troglodytidae: Wrens,houwre,0,0,0,23,3.2857142857142856,5.964178784328029,-2.678464498613743,9.249893070042315,0,0,0.14285714285714288,0,FALSE,FALSE
House Wren,Christmas,Troglodytidae: Wrens,houwre,0,0,0,23,3.2857142857142856,5.964178784328029,-2.678464498613743,9.249893070042315,0,0,0.14285714285714288,0,FALSE,FALSE
House Wren,Epiphany,Troglodytidae: Wrens,houwre,0,0,0,23,3.2857142857142856,5.964178784328029,-2.678464498613743,9.249893070042315,0,0,0.14285714285714288,0,FALSE,FALSE
House Wren,Lent,Troglodytidae: Wrens,houwre,0,0,0,23,3.2857142857142856,5.964178784328029,-2.678464498613743,9.249893070042315,0,0,0.14285714285714288,0,FALSE,FALSE
House Wren,Easter,Troglodytidae: Wrens,houwre,8,6,5,23,3.2857142857142856,5.964178784328029,-2.678464498613743,9.249893070042315,0,0.34782608695652173,0.14285714285714288,0.35000000000000003,FALSE,FALSE
House Wren,Ordinary Time (early),Troglodytidae: Wrens,houwre,15,13,7,23,3.2857142857142856,5.964178784328029,-2.678464498613743,9.249893070042315,1,0.6521739130434783,0.14285714285714288,0.65,TRUE,TRUE
House Wren,Ordinary Time (late),Troglodytidae: Wrens,houwre,0,0,0,23,3.2857142857142856,5.964178784328029,-2.678464498613743,9.249893070042315,0,0,0.14285714285714288,0,FALSE,FALSE
Indigo Bunting,Advent,"Cardinalidae: Tanagers, Cardinals, Grosbeaks & Dickcissels",indbun,0,0,0,30,4.285714285714286,7.4097747539828704,-3.124060468268585,11.695489039697156,0,0,0.14285714285714288,0,FALSE,FALSE
Indigo Bunting,Christmas,"Cardinalidae: Tanagers, Cardinals, Grosbeaks & Dickcissels",indbun,0,0,0,30,4.285714285714286,7.4097747539828704,-3.124060468268585,11.695489039697156,0,0,0.14285714285714288,0,FALSE,FALSE
Indigo Bunting,Epiphany,"Cardinalidae: Tanagers, Cardinals, Grosbeaks & Dickcissels",indbun,0,0,0,30,4.285714285714286,7.4097747539828704,-3.124060468268585,11.695489039697156,0,0,0.14285714285714288,0,FALSE,FALSE
Indigo Bunting,Lent,"Cardinalidae: Tanagers, Cardinals, Grosbeaks & Dickcissels",indbun,0,0,0,30,4.285714285714286,7.4097747539828704,-3.124060468268585,11.695489039697156,0,0,0.14285714285714288,0,FALSE,FALSE
Indigo Bunting,Easter,"Cardinalidae: Tanagers, Cardinals, Grosbeaks & Dickcissels",indbun,0,0,0,30,4.285714285714286,7.4097747539828704,-3.124060468268585,11.695489039697156,0,0,0.14285714285714288,0,FALSE,FALSE
Indigo Bunting,Ordinary Time (early),"Cardinalidae: Tanagers, Cardinals, Grosbeaks & Dickcissels",indbun,17,12,5,30,4.285714285714286,7.4097747539828704,-3.124060468268585,11.695489039697156,1,0.5666666666666667,0.14285714285714288,0.55,TRUE,TRUE
Indigo Bunting,Ordinary Time (late),"Cardinalidae: Tanagers, Cardinals, Grosbeaks & Dickcissels",indbun,13,2,2,30,4.285714285714286,7.4097747539828704,-3.124060468268585,11.695489039697156,1,0.43333333333333335,0.14285714285714288,0.45,FALSE,TRUE
Killdeer,Advent,Charadriidae: Plovers,killde,0,0,0,91,13,14.259499757471625,-1.259499757471625,27.259499757471623,0,0,0.14285714285714285,0,FALSE,FALSE
Killdeer,Christmas,Charadriidae: Plovers,killde,0,0,0,91,13,14.259499757471625,-1.259499757471625,27.259499757471623,0,0,0.14285714285714285,0,FALSE,FALSE
Killdeer,Epiphany,Charadriidae: Plovers,killde,1,1,1,91,13,14.259499757471625,-1.259499757471625,27.259499757471623,0,0.01098901098901099,0.14285714285714285,0,FALSE,FALSE
Killdeer,Lent,Charadriidae: Plovers,killde,19,9,5,91,13,14.259499757471625,-1.259499757471625,27.259499757471623,0,0.2087912087912088,0.14285714285714285,0.2,FALSE,FALSE
Killdeer,Easter,Charadriidae: Plovers,killde,14,8,6,91,13,14.259499757471625,-1.259499757471625,27.259499757471623,0,0.15384615384615385,0.14285714285714285,0.15000000000000002,FALSE,FALSE
Killdeer,Ordinary Time (early),Charadriidae: Plovers,killde,39,17,6,91,13,14.259499757471625,-1.259499757471625,27.259499757471623,1,0.42857142857142855,0.14285714285714285,0.45,TRUE,TRUE
Killdeer,Ordinary Time (late),Charadriidae: Plovers,killde,18,9,7,91,13,14.259499757471625,-1.259499757471625,27.259499757471623,0,0.1978021978021978,0.14285714285714285,0.2,FALSE,FALSE
Mallard,Advent,"Anatidae: Swans, Geese & Ducks",mallar3,8,1,1,152,21.714285714285715,15.272134599920706,6.442151114365009,36.98642031420642,0,0.05263157894736842,0.14285714285714285,0.05,FALSE,FALSE
Mallard,Christmas,"Anatidae: Swans, Geese & Ducks",mallar3,30,2,2,152,21.714285714285715,15.272134599920706,6.442151114365009,36.98642031420642,0,0.19736842105263158,0.14285714285714285,0.2,FALSE,FALSE
Mallard,Epiphany,"Anatidae: Swans, Geese & Ducks",mallar3,10,3,3,152,21.714285714285715,15.272134599920706,6.442151114365009,36.98642031420642,0,0.06578947368421052,0.14285714285714285,0.05,FALSE,FALSE
Mallard,Lent,"Anatidae: Swans, Geese & Ducks",mallar3,19,7,5,152,21.714285714285715,15.272134599920706,6.442151114365009,36.98642031420642,0,0.125,0.14285714285714285,0.1,FALSE,FALSE
Mallard,Easter,"Anatidae: Swans, Geese & Ducks",mallar3,5,3,2,152,21.714285714285715,15.272134599920706,6.442151114365009,36.98642031420642,0,0.03289473684210526,0.14285714285714285,0.05,FALSE,FALSE
Mallard,Ordinary Time (early),"Anatidae: Swans, Geese & Ducks",mallar3,45,8,6,152,21.714285714285715,15.272134599920706,6.442151114365009,36.98642031420642,1,0.29605263157894735,0.14285714285714285,0.30000000000000004,TRUE,TRUE
Mallard,Ordinary Time (late),"Anatidae: Swans, Geese & Ducks",mallar3,35,6,5,152,21.714285714285715,15.272134599920706,6.442151114365009,36.98642031420642,0,0.23026315789473684,0.14285714285714285,0.25,FALSE,FALSE
Mourning Dove,Advent,Columbidae: Pigeons and Doves,moudov,13,2,2,163,23.285714285714285,19.12863722027165,4.1570770654426354,42.414351505985934,0,0.07975460122699386,0.14285714285714285,0.1,FALSE,FALSE
Mourning Dove,Christmas,Columbidae: Pigeons and Doves,moudov,2,1,1,163,23.285714285714285,19.12863722027165,4.1570770654426354,42.414351505985934,0,0.012269938650306749,0.14285714285714285,0,FALSE,FALSE
Mourning Dove,Epiphany,Columbidae: Pigeons and Doves,moudov,21,4,4,163,23.285714285714285,19.12863722027165,4.1570770654426354,42.414351505985934,0,0.12883435582822086,0.14285714285714285,0.15000000000000002,FALSE,FALSE
Mourning Dove,Lent,Columbidae: Pigeons and Doves,moudov,38,9,5,163,23.285714285714285,19.12863722027165,4.1570770654426354,42.414351505985934,0,0.2331288343558282,0.14285714285714285,0.25,FALSE,FALSE
Mourning Dove,Easter,Columbidae: Pigeons and Doves,moudov,14,7,5,163,23.285714285714285,19.12863722027165,4.1570770654426354,42.414351505985934,0,0.08588957055214724,0.14285714285714285,0.1,FALSE,FALSE
Mourning Dove,Ordinary Time (early),Columbidae: Pigeons and Doves,moudov,59,18,7,163,23.285714285714285,19.12863722027165,4.1570770654426354,42.414351505985934,1,0.3619631901840491,0.14285714285714285,0.35000000000000003,TRUE,TRUE
Mourning Dove,Ordinary Time (late),Columbidae: Pigeons and Doves,moudov,16,7,5,163,23.285714285714285,19.12863722027165,4.1570770654426354,42.414351505985934,0,0.09815950920245399,0.14285714285714285,0.1,FALSE,FALSE
Northern Cardinal,Advent,"Cardinalidae: Tanagers, Cardinals, Grosbeaks & Dickcissels",norcar,4,1,1,41,5.857142857142857,6.309478885734052,-0.45233602859119504,12.16662174287691,0,0.0975609756097561,0.14285714285714285,0.1,FALSE,FALSE
Northern Cardinal,Christmas,"Cardinalidae: Tanagers, Cardinals, Grosbeaks & Dickcissels",norcar,0,0,0,41,5.857142857142857,6.309478885734052,-0.45233602859119504,12.16662174287691,0,0,0.14285714285714285,0,FALSE,FALSE
Northern Cardinal,Epiphany,"Cardinalidae: Tanagers, Cardinals, Grosbeaks & Dickcissels",norcar,0,0,0,41,5.857142857142857,6.309478885734052,-0.45233602859119504,12.16662174287691,0,0,0.14285714285714285,0,FALSE,FALSE
Northern Cardinal,Lent,"Cardinalidae: Tanagers, Cardinals, Grosbeaks & Dickcissels",norcar,11,7,5,41,5.857142857142857,6.309478885734052,-0.45233602859119504,12.16662174287691,0,0.2682926829268293,0.14285714285714285,0.25,FALSE,FALSE
Northern Cardinal,Easter,"Cardinalidae: Tanagers, Cardinals, Grosbeaks & Dickcissels",norcar,7,6,4,41,5.857142857142857,6.309478885734052,-0.45233602859119504,12.16662174287691,0,0.17073170731707318,0.14285714285714285,0.15000000000000002,FALSE,FALSE
Northern Cardinal,Ordinary Time (early),"Cardinalidae: Tanagers, Cardinals, Grosbeaks & Dickcissels",norcar,17,7,6,41,5.857142857142857,6.309478885734052,-0.45233602859119504,12.16662174287691,1,0.4146341463414634,0.14285714285714285,0.4,TRUE,TRUE
Northern Cardinal,Ordinary Time (late),"Cardinalidae: Tanagers, Cardinals, Grosbeaks & Dickcissels",norcar,2,2,2,41,5.857142857142857,6.309478885734052,-0.45233602859119504,12.16662174287691,0,0.04878048780487805,0.14285714285714285,0.05,FALSE,FALSE
Northern Mockingbird,Advent,"Mimidae: Catbirds, Mockingbirds & Thrashers",normoc,2,2,2,57,8.142857142857142,9.299257522845062,-1.15640037998792,17.442114665702206,0,0.03508771929824561,0.14285714285714285,0.05,FALSE,FALSE
Northern Mockingbird,Christmas,"Mimidae: Catbirds, Mockingbirds & Thrashers",normoc,0,0,0,57,8.142857142857142,9.299257522845062,-1.15640037998792,17.442114665702206,0,0,0.14285714285714285,0,FALSE,FALSE
Northern Mockingbird,Epiphany,"Mimidae: Catbirds, Mockingbirds & Thrashers",normoc,3,3,2,57,8.142857142857142,9.299257522845062,-1.15640037998792,17.442114665702206,0,0.05263157894736842,0.14285714285714285,0.05,FALSE,FALSE
Northern Mockingbird,Lent,"Mimidae: Catbirds, Mockingbirds & Thrashers",normoc,4,4,3,57,8.142857142857142,9.299257522845062,-1.15640037998792,17.442114665702206,0,0.07017543859649122,0.14285714285714285,0.05,FALSE,FALSE
Northern Mockingbird,Easter,"Mimidae: Catbirds, Mockingbirds & Thrashers",normoc,12,6,6,57,8.142857142857142,9.299257522845062,-1.15640037998792,17.442114665702206,0,0.21052631578947367,0.14285714285714285,0.2,FALSE,FALSE
Northern Mockingbird,Ordinary Time (early),"Mimidae: Catbirds, Mockingbirds & Thrashers",normoc,27,14,6,57,8.142857142857142,9.299257522845062,-1.15640037998792,17.442114665702206,1,0.47368421052631576,0.14285714285714285,0.45,TRUE,TRUE
Northern Mockingbird,Ordinary Time (late),"Mimidae: Catbirds, Mockingbirds & Thrashers",normoc,9,9,6,57,8.142857142857142,9.299257522845062,-1.15640037998792,17.442114665702206,0,0.15789473684210525,0.14285714285714285,0.15000000000000002,FALSE,FALSE
Northern Rough-winged Swallow,Advent,Hirundinidae: Martins and Swallows,nrwswa,0,0,0,20,2.857142857142857,5.9841059323447645,-3.1269630752019073,8.841248789487622,0,0,0.14285714285714288,0,FALSE,FALSE
Northern Rough-winged Swallow,Christmas,Hirundinidae: Martins and Swallows,nrwswa,0,0,0,20,2.857142857142857,5.9841059323447645,-3.1269630752019073,8.841248789487622,0,0,0.14285714285714288,0,FALSE,FALSE
Northern Rough-winged Swallow,Epiphany,Hirundinidae: Martins and Swallows,nrwswa,0,0,0,20,2.857142857142857,5.9841059323447645,-3.1269630752019073,8.841248789487622,0,0,0.14285714285714288,0,FALSE,FALSE
Northern Rough-winged Swallow,Lent,Hirundinidae: Martins and Swallows,nrwswa,0,0,0,20,2.857142857142857,5.9841059323447645,-3.1269630752019073,8.841248789487622,0,0,0.14285714285714288,0,FALSE,FALSE
Northern Rough-winged Swallow,Easter,Hirundinidae: Martins and Swallows,nrwswa,4,2,2,20,2.857142857142857,5.9841059323447645,-3.1269630752019073,8.841248789487622,0,0.2,0.14285714285714288,0.2,FALSE,FALSE
Northern Rough-winged Swallow,Ordinary Time (early),Hirundinidae: Martins and Swallows,nrwswa,16,3,3,20,2.857142857142857,5.9841059323447645,-3.1269630752019073,8.841248789487622,1,0.8,0.14285714285714288,0.8,TRUE,TRUE
Northern Rough-winged Swallow,Ordinary Time (late),Hirundinidae: Martins and Swallows,nrwswa,0,0,0,20,2.857142857142857,5.9841059323447645,-3.1269630752019073,8.841248789487622,0,0,0.14285714285714288,0,FALSE,FALSE
Red-bellied Woodpecker,Advent,Picidae: Woodpeckers,rebwoo,1,1,1,34,4.857142857142857,6.362090102803518,-1.5049472456606612,11.219232959946375,0,0.029411764705882353,0.14285714285714285,0.05,FALSE,FALSE
Red-bellied Woodpecker,Christmas,Picidae: Woodpeckers,rebwoo,0,0,0,34,4.857142857142857,6.362090102803518,-1.5049472456606612,11.219232959946375,0,0,0.14285714285714285,0,FALSE,FALSE
Red-bellied Woodpecker,Epiphany,Picidae: Woodpeckers,rebwoo,1,1,1,34,4.857142857142857,6.362090102803518,-1.5049472456606612,11.219232959946375,0,0.029411764705882353,0.14285714285714285,0.05,FALSE,FALSE
Red-bellied Woodpecker,Lent,Picidae: Woodpeckers,rebwoo,3,2,2,34,4.857142857142857,6.362090102803518,-1.5049472456606612,11.219232959946375,0,0.08823529411764706,0.14285714285714285,0.1,FALSE,FALSE
Red-bellied Woodpecker,Easter,Picidae: Woodpeckers,rebwoo,18,7,5,34,4.857142857142857,6.362090102803518,-1.5049472456606612,11.219232959946375,1,0.5294117647058824,0.14285714285714285,0.55,TRUE,TRUE
Red-bellied Woodpecker,Ordinary Time (early),Picidae: Woodpeckers,rebwoo,8,7,4,34,4.857142857142857,6.362090102803518,-1.5049472456606612,11.219232959946375,0,0.23529411764705882,0.14285714285714285,0.25,FALSE,FALSE
Red-bellied Woodpecker,Ordinary Time (late),Picidae: Woodpeckers,rebwoo,3,2,2,34,4.857142857142857,6.362090102803518,-1.5049472456606612,11.219232959946375,0,0.08823529411764706,0.14285714285714285,0.1,FALSE,FALSE
Red-headed Woodpecker,Advent,Picidae: Woodpeckers,rehwoo,0,0,0,20,2.857142857142857,4.913538149119954,-2.0563952919770965,7.77068100626281,0,0,0.14285714285714288,0,FALSE,FALSE
Red-headed Woodpecker,Christmas,Picidae: Woodpeckers,rehwoo,0,0,0,20,2.857142857142857,4.913538149119954,-2.0563952919770965,7.77068100626281,0,0,0.14285714285714288,0,FALSE,FALSE
Red-headed Woodpecker,Epiphany,Picidae: Woodpeckers,rehwoo,0,0,0,20,2.857142857142857,4.913538149119954,-2.0563952919770965,7.77068100626281,0,0,0.14285714285714288,0,FALSE,FALSE
Red-headed Woodpecker,Lent,Picidae: Woodpeckers,rehwoo,0,0,0,20,2.857142857142857,4.913538149119954,-2.0563952919770965,7.77068100626281,0,0,0.14285714285714288,0,FALSE,FALSE
Red-headed Woodpecker,Easter,Picidae: Woodpeckers,rehwoo,11,4,4,20,2.857142857142857,4.913538149119954,-2.0563952919770965,7.77068100626281,1,0.55,0.14285714285714288,0.55,TRUE,TRUE
Red-headed Woodpecker,Ordinary Time (early),Picidae: Woodpeckers,rehwoo,9,6,5,20,2.857142857142857,4.913538149119954,-2.0563952919770965,7.77068100626281,1,0.45,0.14285714285714288,0.45,FALSE,TRUE
Red-headed Woodpecker,Ordinary Time (late),Picidae: Woodpeckers,rehwoo,0,0,0,20,2.857142857142857,4.913538149119954,-2.0563952919770965,7.77068100626281,0,0,0.14285714285714288,0,FALSE,FALSE
Red-tailed Hawk,Advent,"Accipitridae: Kites, Hawks & Eagles",rethaw,4,4,4,34,4.857142857142857,2.9680841985233184,1.8890586586195384,7.825227055666176,0,0.11764705882352941,0.14285714285714285,0.1,FALSE,FALSE
Red-tailed Hawk,Christmas,"Accipitridae: Kites, Hawks & Eagles",rethaw,8,4,4,34,4.857142857142857,2.9680841985233184,1.8890586586195384,7.825227055666176,1,0.23529411764705882,0.14285714285714285,0.25,TRUE,TRUE
Red-tailed Hawk,Epiphany,"Accipitridae: Kites, Hawks & Eagles",rethaw,4,4,3,34,4.857142857142857,2.9680841985233184,1.8890586586195384,7.825227055666176,0,0.11764705882352941,0.14285714285714285,0.1,FALSE,FALSE
Red-tailed Hawk,Lent,"Accipitridae: Kites, Hawks & Eagles",rethaw,5,5,4,34,4.857142857142857,2.9680841985233184,1.8890586586195384,7.825227055666176,0,0.14705882352941177,0.14285714285714285,0.15000000000000002,FALSE,FALSE
Red-tailed Hawk,Easter,"Accipitridae: Kites, Hawks & Eagles",rethaw,0,0,0,34,4.857142857142857,2.9680841985233184,1.8890586586195384,7.825227055666176,0,0,0.14285714285714285,0,FALSE,FALSE
Red-tailed Hawk,Ordinary Time (early),"Accipitridae: Kites, Hawks & Eagles",rethaw,9,7,3,34,4.857142857142857,2.9680841985233184,1.8890586586195384,7.825227055666176,1,0.2647058823529412,0.14285714285714285,0.25,TRUE,TRUE
Red-tailed Hawk,Ordinary Time (late),"Accipitridae: Kites, Hawks & Eagles",rethaw,4,4,3,34,4.857142857142857,2.9680841985233184,1.8890586586195384,7.825227055666176,0,0.11764705882352941,0.14285714285714285,0.1,FALSE,FALSE
Red-winged Blackbird,Advent,"Icteridae: Blackbirds, Meadowlarks & Orioles",rewbla,0,0,0,5549,792.7142857142857,1862.2879041907665,-1069.573618476481,2655.002189905052,0,0,0.14285714285714288,0,FALSE,FALSE
Red-winged Blackbird,Christmas,"Icteridae: Blackbirds, Meadowlarks & Orioles",rewbla,0,0,0,5549,792.7142857142857,1862.2879041907665,-1069.573618476481,2655.002189905052,0,0,0.14285714285714288,0,FALSE,FALSE
Red-winged Blackbird,Epiphany,"Icteridae: Blackbirds, Meadowlarks & Orioles",rewbla,451,1,1,5549,792.7142857142857,1862.2879041907665,-1069.573618476481,2655.002189905052,0,0.08127590556857091,0.14285714285714288,0.1,FALSE,FALSE
Red-winged Blackbird,Lent,"Icteridae: Blackbirds, Meadowlarks & Orioles",rewbla,16,6,2,5549,792.7142857142857,1862.2879041907665,-1069.573618476481,2655.002189905052,0,0.0028834024148495225,0.14285714285714288,0,FALSE,FALSE
Red-winged Blackbird,Easter,"Icteridae: Blackbirds, Meadowlarks & Orioles",rewbla,26,5,5,5549,792.7142857142857,1862.2879041907665,-1069.573618476481,2655.002189905052,0,0.004685528924130474,0.14285714285714288,0,FALSE,FALSE
Red-winged Blackbird,Ordinary Time (early),"Icteridae: Blackbirds, Meadowlarks & Orioles",rewbla,56,13,6,5549,792.7142857142857,1862.2879041907665,-1069.573618476481,2655.002189905052,0,0.010091908451973329,0.14285714285714288,0,FALSE,FALSE
Red-winged Blackbird,Ordinary Time (late),"Icteridae: Blackbirds, Meadowlarks & Orioles",rewbla,5000,1,1,5549,792.7142857142857,1862.2879041907665,-1069.573618476481,2655.002189905052,1,0.9010632546404758,0.14285714285714288,0.9,TRUE,TRUE
Rock Pigeon,Advent,Columbidae: Pigeons and Doves,rocpig,34,3,3,299,42.714285714285715,39.04149196992983,3.672793744355886,81.75577768421554,0,0.11371237458193979,0.14285714285714285,0.1,FALSE,FALSE
Rock Pigeon,Christmas,Columbidae: Pigeons and Doves,rocpig,14,1,1,299,42.714285714285715,39.04149196992983,3.672793744355886,81.75577768421554,0,0.046822742474916385,0.14285714285714285,0.05,FALSE,FALSE
Rock Pigeon,Epiphany,Columbidae: Pigeons and Doves,rocpig,105,2,2,299,42.714285714285715,39.04149196992983,3.672793744355886,81.75577768421554,1,0.3511705685618729,0.14285714285714285,0.35000000000000003,TRUE,TRUE
Rock Pigeon,Lent,Columbidae: Pigeons and Doves,rocpig,85,4,3,299,42.714285714285715,39.04149196992983,3.672793744355886,81.75577768421554,1,0.2842809364548495,0.14285714285714285,0.30000000000000004,FALSE,TRUE
Rock Pigeon,Easter,Columbidae: Pigeons and Doves,rocpig,5,2,2,299,42.714285714285715,39.04149196992983,3.672793744355886,81.75577768421554,0,0.016722408026755852,0.14285714285714285,0,FALSE,FALSE
Rock Pigeon,Ordinary Time (early),Columbidae: Pigeons and Doves,rocpig,47,8,6,299,42.714285714285715,39.04149196992983,3.672793744355886,81.75577768421554,0,0.15719063545150502,0.14285714285714285,0.15000000000000002,FALSE,FALSE
Rock Pigeon,Ordinary Time (late),Columbidae: Pigeons and Doves,rocpig,9,2,2,299,42.714285714285715,39.04149196992983,3.672793744355886,81.75577768421554,0,0.030100334448160536,0.14285714285714285,0.05,FALSE,FALSE
Savannah Sparrow,Advent,Passerellidae: New World Sparrows and Towhees,savspa,0,0,0,28,4,6.855654600401044,-2.855654600401044,10.855654600401044,0,0,0.14285714285714285,0,FALSE,FALSE
Savannah Sparrow,Christmas,Passerellidae: New World Sparrows and Towhees,savspa,0,0,0,28,4,6.855654600401044,-2.855654600401044,10.855654600401044,0,0,0.14285714285714285,0,FALSE,FALSE
Savannah Sparrow,Epiphany,Passerellidae: New World Sparrows and Towhees,savspa,0,0,0,28,4,6.855654600401044,-2.855654600401044,10.855654600401044,0,0,0.14285714285714285,0,FALSE,FALSE
Savannah Sparrow,Lent,Passerellidae: New World Sparrows and Towhees,savspa,0,0,0,28,4,6.855654600401044,-2.855654600401044,10.855654600401044,0,0,0.14285714285714285,0,FALSE,FALSE
Savannah Sparrow,Easter,Passerellidae: New World Sparrows and Towhees,savspa,13,9,5,28,4,6.855654600401044,-2.855654600401044,10.855654600401044,1,0.4642857142857143,0.14285714285714285,0.45,FALSE,TRUE
Savannah Sparrow,Ordinary Time (early),Passerellidae: New World Sparrows and Towhees,savspa,15,6,5,28,4,6.855654600401044,-2.855654600401044,10.855654600401044,1,0.5357142857142857,0.14285714285714285,0.55,TRUE,TRUE
Savannah Sparrow,Ordinary Time (late),Passerellidae: New World Sparrows and Towhees,savspa,0,0,0,28,4,6.855654600401044,-2.855654600401044,10.855654600401044,0,0,0.14285714285714285,0,FALSE,FALSE
Solitary Sandpiper,Advent,Scolopacidae: Sandpipers,solsan,0,0,0,41,5.857142857142857,9.702724212449674,-3.845581355306817,15.559867069592531,0,0,0.14285714285714285,0,FALSE,FALSE
Solitary Sandpiper,Christmas,Scolopacidae: Sandpipers,solsan,0,0,0,41,5.857142857142857,9.702724212449674,-3.845581355306817,15.559867069592531,0,0,0.14285714285714285,0,FALSE,FALSE
Solitary Sandpiper,Epiphany,Scolopacidae: Sandpipers,solsan,0,0,0,41,5.857142857142857,9.702724212449674,-3.845581355306817,15.559867069592531,0,0,0.14285714285714285,0,FALSE,FALSE
Solitary Sandpiper,Lent,Scolopacidae: Sandpipers,solsan,0,0,0,41,5.857142857142857,9.702724212449674,-3.845581355306817,15.559867069592531,0,0,0.14285714285714285,0,FALSE,FALSE
Solitary Sandpiper,Easter,Scolopacidae: Sandpipers,solsan,15,6,5,41,5.857142857142857,9.702724212449674,-3.845581355306817,15.559867069592531,0,0.36585365853658536,0.14285714285714285,0.35000000000000003,FALSE,FALSE
Solitary Sandpiper,Ordinary Time (early),Scolopacidae: Sandpipers,solsan,24,13,4,41,5.857142857142857,9.702724212449674,-3.845581355306817,15.559867069592531,1,0.5853658536585366,0.14285714285714285,0.6000000000000001,TRUE,TRUE
Solitary Sandpiper,Ordinary Time (late),Scolopacidae: Sandpipers,solsan,2,2,1,41,5.857142857142857,9.702724212449674,-3.845581355306817,15.559867069592531,0,0.04878048780487805,0.14285714285714285,0.05,FALSE,FALSE
Song Sparrow,Advent,Passerellidae: New World Sparrows and Towhees,sonspa,0,0,0,38,5.428571428571429,8.443086774735546,-3.014515346164117,13.871658203306975,0,0,0.14285714285714285,0,FALSE,FALSE
Song Sparrow,Christmas,Passerellidae: New World Sparrows and Towhees,sonspa,0,0,0,38,5.428571428571429,8.443086774735546,-3.014515346164117,13.871658203306975,0,0,0.14285714285714285,0,FALSE,FALSE
Song Sparrow,Epiphany,Passerellidae: New World Sparrows and Towhees,sonspa,0,0,0,38,5.428571428571429,8.443086774735546,-3.014515346164117,13.871658203306975,0,0,0.14285714285714285,0,FALSE,FALSE
Song Sparrow,Lent,Passerellidae: New World Sparrows and Towhees,sonspa,3,2,2,38,5.428571428571429,8.443086774735546,-3.014515346164117,13.871658203306975,0,0.07894736842105263,0.14285714285714285,0.1,FALSE,FALSE
Song Sparrow,Easter,Passerellidae: New World Sparrows and Towhees,sonspa,15,8,5,38,5.428571428571429,8.443086774735546,-3.014515346164117,13.871658203306975,1,0.39473684210526316,0.14285714285714285,0.4,FALSE,TRUE
Song Sparrow,Ordinary Time (early),Passerellidae: New World Sparrows and Towhees,sonspa,20,12,6,38,5.428571428571429,8.443086774735546,-3.014515346164117,13.871658203306975,1,0.5263157894736842,0.14285714285714285,0.55,TRUE,TRUE
Song Sparrow,Ordinary Time (late),Passerellidae: New World Sparrows and Towhees,sonspa,0,0,0,38,5.428571428571429,8.443086774735546,-3.014515346164117,13.871658203306975,0,0,0.14285714285714285,0,FALSE,FALSE
Tree Swallow,Advent,Hirundinidae: Martins and Swallows,treswa,0,0,0,1853,264.7142857142857,443.90904259232894,-179.19475687804322,708.6233283066147,0,0,0.14285714285714285,0,FALSE,FALSE
Tree Swallow,Christmas,Hirundinidae: Martins and Swallows,treswa,0,0,0,1853,264.7142857142857,443.90904259232894,-179.19475687804322,708.6233283066147,0,0,0.14285714285714285,0,FALSE,FALSE
Tree Swallow,Epiphany,Hirundinidae: Martins and Swallows,treswa,0,0,0,1853,264.7142857142857,443.90904259232894,-179.19475687804322,708.6233283066147,0,0,0.14285714285714285,0,FALSE,FALSE
Tree Swallow,Lent,Hirundinidae: Martins and Swallows,treswa,7,2,2,1853,264.7142857142857,443.90904259232894,-179.19475687804322,708.6233283066147,0,0.0037776578521316784,0.14285714285714285,0,FALSE,FALSE
Tree Swallow,Easter,Hirundinidae: Martins and Swallows,treswa,18,3,3,1853,264.7142857142857,443.90904259232894,-179.19475687804322,708.6233283066147,0,0.009713977334052886,0.14285714285714285,0,FALSE,FALSE
Tree Swallow,Ordinary Time (early),Hirundinidae: Martins and Swallows,treswa,885,15,7,1853,264.7142857142857,443.90904259232894,-179.19475687804322,708.6233283066147,1,0.47760388559093364,0.14285714285714285,0.5,TRUE,TRUE
Tree Swallow,Ordinary Time (late),Hirundinidae: Martins and Swallows,treswa,943,7,5,1853,264.7142857142857,443.90904259232894,-179.19475687804322,708.6233283066147,1,0.5089044792228818,0.14285714285714285,0.5,TRUE,TRUE
Turkey Vulture,Advent,Cathartidae: New World Vultures,turvul,0,0,0,145,20.714285714285715,17.960273621841864,2.754012092443851,38.67455933612758,0,0,0.14285714285714285,0,FALSE,FALSE
Turkey Vulture,Christmas,Cathartidae: New World Vultures,turvul,3,2,2,145,20.714285714285715,17.960273621841864,2.754012092443851,38.67455933612758,0,0.020689655172413793,0.14285714285714285,0,FALSE,FALSE
Turkey Vulture,Epiphany,Cathartidae: New World Vultures,turvul,27,5,5,145,20.714285714285715,17.960273621841864,2.754012092443851,38.67455933612758,0,0.18620689655172415,0.14285714285714285,0.2,FALSE,FALSE
Turkey Vulture,Lent,Cathartidae: New World Vultures,turvul,15,6,4,145,20.714285714285715,17.960273621841864,2.754012092443851,38.67455933612758,0,0.10344827586206896,0.14285714285714285,0.1,FALSE,FALSE
Turkey Vulture,Easter,Cathartidae: New World Vultures,turvul,24,5,4,145,20.714285714285715,17.960273621841864,2.754012092443851,38.67455933612758,0,0.16551724137931034,0.14285714285714285,0.15000000000000002,FALSE,FALSE
Turkey Vulture,Ordinary Time (early),Cathartidae: New World Vultures,turvul,54,14,6,145,20.714285714285715,17.960273621841864,2.754012092443851,38.67455933612758,1,0.3724137931034483,0.14285714285714285,0.35000000000000003,TRUE,TRUE
Turkey Vulture,Ordinary Time (late),Cathartidae: New World Vultures,turvul,22,5,3,145,20.714285714285715,17.960273621841864,2.754012092443851,38.67455933612758,0,0.15172413793103448,0.14285714285714285,0.15000000000000002,FALSE,FALSE
White-crowned Sparrow,Advent,Passerellidae: New World Sparrows and Towhees,whcspa,0,0,0,34,4.857142857142857,8.15329322888552,-3.2961503717426632,13.010436086028378,0,0,0.14285714285714285,0,FALSE,FALSE
White-crowned Sparrow,Christmas,Passerellidae: New World Sparrows and Towhees,whcspa,0,0,0,34,4.857142857142857,8.15329322888552,-3.2961503717426632,13.010436086028378,0,0,0.14285714285714285,0,FALSE,FALSE
White-crowned Sparrow,Epiphany,Passerellidae: New World Sparrows and Towhees,whcspa,22,2,1,34,4.857142857142857,8.15329322888552,-3.2961503717426632,13.010436086028378,1,0.6470588235294118,0.14285714285714285,0.65,TRUE,TRUE
White-crowned Sparrow,Lent,Passerellidae: New World Sparrows and Towhees,whcspa,8,2,2,34,4.857142857142857,8.15329322888552,-3.2961503717426632,13.010436086028378,0,0.23529411764705882,0.14285714285714285,0.25,FALSE,FALSE
White-crowned Sparrow,Easter,Passerellidae: New World Sparrows and Towhees,whcspa,4,3,3,34,4.857142857142857,8.15329322888552,-3.2961503717426632,13.010436086028378,0,0.11764705882352941,0.14285714285714285,0.1,FALSE,FALSE
White-crowned Sparrow,Ordinary Time (early),Passerellidae: New World Sparrows and Towhees,whcspa,0,0,0,34,4.857142857142857,8.15329322888552,-3.2961503717426632,13.010436086028378,0,0,0.14285714285714285,0,FALSE,FALSE
White-crowned Sparrow,Ordinary Time (late),Passerellidae: New World Sparrows and Towhees,whcspa,0,0,0,34,4.857142857142857,8.15329322888552,-3.2961503717426632,13.010436086028378,0,0,0.14285714285714285,0,FALSE,FALSE
White-throated Sparrow,Advent,Passerellidae: New World Sparrows and Towhees,whtspa,0,0,0,23,3.2857142857142856,6.183695920571712,-2.8979816348574268,9.469410206285998,0,0,0.14285714285714288,0,FALSE,FALSE
White-throated Sparrow,Christmas,Passerellidae: New World Sparrows and Towhees,whtspa,0,0,0,23,3.2857142857142856,6.183695920571712,-2.8979816348574268,9.469410206285998,0,0,0.14285714285714288,0,FALSE,FALSE
White-throated Sparrow,Epiphany,Passerellidae: New World Sparrows and Towhees,whtspa,0,0,0,23,3.2857142857142856,6.183695920571712,-2.8979816348574268,9.469410206285998,0,0,0.14285714285714288,0,FALSE,FALSE
White-throated Sparrow,Lent,Passerellidae: New World Sparrows and Towhees,whtspa,16,4,2,23,3.2857142857142856,6.183695920571712,-2.8979816348574268,9.469410206285998,1,0.6956521739130435,0.14285714285714288,0.7000000000000001,TRUE,TRUE
White-throated Sparrow,Easter,Passerellidae: New World Sparrows and Towhees,whtspa,7,2,1,23,3.2857142857142856,6.183695920571712,-2.8979816348574268,9.469410206285998,0,0.30434782608695654,0.14285714285714288,0.30000000000000004,FALSE,FALSE
White-throated Sparrow,Ordinary Time (early),Passerellidae: New World Sparrows and Towhees,whtspa,0,0,0,23,3.2857142857142856,6.183695920571712,-2.8979816348574268,9.469410206285998,0,0,0.14285714285714288,0,FALSE,FALSE
White-throated Sparrow,Ordinary Time (late),Passerellidae: New World Sparrows and Towhees,whtspa,0,0,0,23,3.2857142857142856,6.183695920571712,-2.8979816348574268,9.469410206285998,0,0,0.14285714285714288,0,FALSE,FALSE
Wilson's Snipe,Advent,Scolopacidae: Sandpipers,wilsni1,0,0,0,45,6.428571428571429,8.638231741453087,-2.209660312881658,15.066803170024516,0,0,0.14285714285714285,0,FALSE,FALSE
Wilson's Snipe,Christmas,Scolopacidae: Sandpipers,wilsni1,0,0,0,45,6.428571428571429,8.638231741453087,-2.209660312881658,15.066803170024516,0,0,0.14285714285714285,0,FALSE,FALSE
Wilson's Snipe,Epiphany,Scolopacidae: Sandpipers,wilsni1,4,1,1,45,6.428571428571429,8.638231741453087,-2.209660312881658,15.066803170024516,0,0.08888888888888889,0.14285714285714285,0.1,FALSE,FALSE
Wilson's Snipe,Lent,Scolopacidae: Sandpipers,wilsni1,24,6,3,45,6.428571428571429,8.638231741453087,-2.209660312881658,15.066803170024516,1,0.5333333333333333,0.14285714285714285,0.55,TRUE,TRUE
Wilson's Snipe,Easter,Scolopacidae: Sandpipers,wilsni1,9,2,2,45,6.428571428571429,8.638231741453087,-2.209660312881658,15.066803170024516,0,0.2,0.14285714285714285,0.2,FALSE,FALSE
Wilson's Snipe,Ordinary Time (early),Scolopacidae: Sandpipers,wilsni1,0,0,0,45,6.428571428571429,8.638231741453087,-2.209660312881658,15.066803170024516,0,0,0.14285714285714285,0,FALSE,FALSE
Wilson's Snipe,Ordinary Time (late),Scolopacidae: Sandpipers,wilsni1,8,4,3,45,6.428571428571429,8.638231741453087,-2.209660312881658,15.066803170024516,0,0.17777777777777778,0.14285714285714285,0.2,FALSE,FALSE
